ชุดข้อมูล,รายการ,ช่วงเวลา,ค่า,หน่วย
เวลาพัฒนาต่อ 1 สูตร,วิธีเดิม,-,24,สัปดาห์
เวลาพัฒนาต่อ 1 สูตร,ใช้ AI,-,4,สัปดาห์
ต้นทุน R&D ต่อสูตร,วิธีเดิม,-,100,เปอร์เซ็นต์ (วิธีเดิม=100)
ต้นทุน R&D ต่อสูตร,ใช้ AI,-,40,เปอร์เซ็นต์ (วิธีเดิม=100)
ดัชนีความนิยมส่วนผสม,Niacinamide,2022,50,ดัชนี (0-100)
ดัชนีความนิยมส่วนผสม,Niacinamide,2023,58,ดัชนี (0-100)
ดัชนีความนิยมส่วนผสม,Niacinamide,2024,66,ดัชนี (0-100)
ดัชนีความนิยมส่วนผสม,Niacinamide,2025,72,ดัชนี (0-100)
ดัชนีความนิยมส่วนผสม,Niacinamide,2026,76,ดัชนี (0-100)
ดัชนีความนิยมส่วนผสม,Centella,2022,30,ดัชนี (0-100)
ดัชนีความนิยมส่วนผสม,Centella,2023,42,ดัชนี (0-100)
ดัชนีความนิยมส่วนผสม,Centella,2024,58,ดัชนี (0-100)
ดัชนีความนิยมส่วนผสม,Centella,2025,72,ดัชนี (0-100)
ดัชนีความนิยมส่วนผสม,Centella,2026,85,ดัชนี (0-100)
ดัชนีความนิยมส่วนผสม,Retinol,2022,45,ดัชนี (0-100)
ดัชนีความนิยมส่วนผสม,Retinol,2023,52,ดัชนี (0-100)
ดัชนีความนิยมส่วนผสม,Retinol,2024,55,ดัชนี (0-100)
ดัชนีความนิยมส่วนผสม,Retinol,2025,58,ดัชนี (0-100)
ดัชนีความนิยมส่วนผสม,Retinol,2026,60,ดัชนี (0-100)
ดัชนีความนิยมส่วนผสม,Peptide,2022,20,ดัชนี (0-100)
ดัชนีความนิยมส่วนผสม,Peptide,2023,30,ดัชนี (0-100)
ดัชนีความนิยมส่วนผสม,Peptide,2024,45,ดัชนี (0-100)
ดัชนีความนิยมส่วนผสม,Peptide,2025,62,ดัชนี (0-100)
ดัชนีความนิยมส่วนผสม,Peptide,2026,80,ดัชนี (0-100)
กลุ่มลูกค้า,โรงงาน OEM/ODM,-,40,เปอร์เซ็นต์
กลุ่มลูกค้า,แบรนด์เครื่องสำอาง,-,30,เปอร์เซ็นต์
กลุ่มลูกค้า,Startup,-,20,เปอร์เซ็นต์
กลุ่มลูกค้า,นักวิจัย,-,10,เปอร์เซ็นต์
แหล่งรายได้,ค่าสมาชิก,-,35,เปอร์เซ็นต์
แหล่งรายได้,ค่าวิเคราะห์สูตร,-,30,เปอร์เซ็นต์
แหล่งรายได้,ระบบ AI องค์กร,-,20,เปอร์เซ็นต์
แหล่งรายได้,ค่าที่ปรึกษา,-,15,เปอร์เซ็นต์
รายได้คาดการณ์,ปีที่ 1,-,1.2,ล้านบาท
รายได้คาดการณ์,ปีที่ 2,-,3.5,ล้านบาท
รายได้คาดการณ์,ปีที่ 3,-,7.8,ล้านบาท
